Wavelength,Intensity
467.61575139924048,1387.199951171875
467.62431712768233,1457.4000244140625
467.63288278320715,1471.4000244140625
467.64144836580584,1523
467.6500138754696,1538
467.6585793121896,1578.4000244140625
467.66714467595682,1534.4000244140625
467.6757099667625,1543.5999755859375
467.68427518459771,1531.199951171875
467.69284032945353,1571.4000244140625
467.7014054013211,1593.4000244140625
467.70997040019154,1598.199951171875
467.71853532605593,1622.199951171875
467.72710017890546,1620.199951171875
467.73566495873109,1656.199951171875
467.74422966552419,1654.199951171875
467.75279429927565,1659.199951171875
467.76135885997661,1630.4000244140625
467.76992334761826,1631.800048828125
467.77848776219167,1614.800048828125
467.78705210368804,1629.199951171875
467.79561637209832,1677.4000244140625
467.80418056741377,1692.199951171875
467.81274468962545,1693.199951171875
467.8213087387245,1674
467.82987271470193,1680.5999755859375
467.83843661754906,1694.4000244140625
467.84700044725685,1715.800048828125
467.85556420381641,1738.800048828125
467.864127887219,1719
467.87269149745555,1707.4000244140625
467.88125503451732,1689.800048828125
467.8898184983953,1674.199951171875
467.89838188908078,1703
467.90694520656473,1732.4000244140625
467.91550845083827,1725
467.92407162189261,1750.4000244140625
467.93263471971881,1746.5999755859375
467.94119774430794,1730.199951171875
467.94976069565126,1749.4000244140625
467.95832357373973,1767.199951171875
467.9668863785646,1812.800048828125
467.97544911011693,1842.5999755859375
467.9840117683878,1820.5999755859375
467.99257435336835,1824
468.00113686504972,1823.199951171875
468.009699303423,1889.800048828125
468.01826166847945,1863.4000244140625
468.02682396021,1845.800048828125
468.03538617860579,1845.199951171875
468.04394832365807,1809
468.05251039535779,1777.4000244140625
468.06107239369618,1792.199951171875
468.06963431866438,1856.5999755859375
468.07819617025348,1901.199951171875
468.08675794845465,1912
468.09531965325885,1924
468.10388128465729,1939.5999755859375
468.11244284264114,1957
468.12100432720149,1943.800048828125
468.1295657383294,1992
468.13812707601608,1960.4000244140625
468.14668834025264,1948.199951171875
468.15524953103017,1948
468.16381064833985,1978.4000244140625
468.1723716921727,1987
468.18093266251981,1984.4000244140625
468.18949355937247,2014.4000244140625
468.19805438272169,2045.199951171875
468.20661513255868,1994.5999755859375
468.21517580887445,1989.4000244140625
468.22373641166018,2001.800048828125
468.232296940907,2012.800048828125
468.240857396606,2031.5999755859375
468.24941777874835,2054.199951171875
468.25797808732517,2020.199951171875
468.26653832232745,2036.5999755859375
468.27509848374655,2058.800048828125
468.28365857157348,2076.60009765625
468.29221858579922,2103.39990234375
468.30077852641517,2165.800048828125
468.30933839341225,2192.60009765625
468.31789818678169,2124
468.32645790651446,2147.199951171875
468.33501755260193,2163.800048828125
468.34357712503493,2177.800048828125
468.35213662380488,2186.199951171875
468.3606960489027,2168.60009765625
468.36925540031967,2168.60009765625
468.37781467804678,2171.60009765625
468.38637388207519,2138
468.39493301239605,2125.800048828125
468.40349206900049,2129.60009765625
468.41205105187959,2201.800048828125
468.42060996102458,2163.800048828125
468.4291687964265,2216
468.43772755807646,2203.39990234375
468.44628624596567,2252
468.45484486008513,2321.60009765625
468.4634034004261,2368
468.47196186697965,2373.199951171875
468.48052025973692,2357.199951171875
468.489078578689,2326.199951171875
468.49763682382707,2263
468.50619499514221,2257
468.5147530926256,2280.800048828125
468.52331111626825,2276
468.53186906606152,2303.60009765625
468.54042694199632,2313.39990234375
468.54898474406389,2330
468.55754247225525,2354.800048828125
468.56610012656165,2410
468.57465770697416,2407
468.58321521348392,2460
468.59177264608212,2437.800048828125
468.60033000475977,2383.39990234375
468.60888728950806,2363.60009765625
468.61744450031807,2424.800048828125
468.62600163718105,2487.60009765625
468.63455870008806,2481.60009765625
468.64311568903025,2504
468.65167260399869,2466.39990234375
468.66022944498462,2501.800048828125
468.668786211979,2511.800048828125
468.6773429049731,2563.60009765625
468.68589952395808,2540.800048828125
468.694456068925,2510.39990234375
468.70301253986486,2533.199951171875
468.711568936769,2484
468.7201252596285,2489
468.72868150843448,2544
468.73723768317814,2572.39990234375
468.74579378385033,2597.199951171875
468.75434981044259,2618.60009765625
468.76290576294576,2570
468.77146164135104,2597.199951171875
468.78001744564966,2638.199951171875
468.78857317583265,2651
468.7971288318912,2662
468.80568441381632,2774.199951171875
468.81423992159938,2748
468.82279535523128,2748.60009765625
468.83135071470326,2763.60009765625
468.83990600000641,2785.60009765625
468.84846121113196,2774.199951171875
468.85701634807094,2796
468.86557141081454,2784
468.87412639935388,2683.800048828125
468.88268131368011,2651
468.89123615378429,2652.60009765625
468.89979091965768,2728.39990234375
468.90834561129134,2786.60009765625
468.91690022867635,2874.800048828125
468.925454771804,2914.800048828125
468.93400924066532,2930
468.94256363525142,2946.60009765625
468.95111795555351,2962.800048828125
468.95967220156263,2972.800048828125
468.96822637327006,2999
468.97678047066677,2977.39990234375
468.98533449374406,2925.199951171875
468.99388844249296,2915.39990234375
469.00244231690459,2926.39990234375
469.01099611697026,2968.800048828125
469.01954984268093,3084.800048828125
469.02810349402768,3069.800048828125
469.03665707100186,3035.800048828125
469.04521057359449,3002.39990234375
469.05376400179671,3039.60009765625
469.0623173555997,3056.199951171875
469.07087063499455,3086.800048828125
469.07942383997243,3124.199951171875
469.08797697052444,3050.199951171875
469.0965300266418,3093.199951171875
469.10508300831549,3080
469.11363591553686,3139
469.12218874829688,3198.800048828125
469.13074150658673,3279
469.13929419039761,3257
469.14784679972058,3269.60009765625
469.1563993345469,3299.800048828125
469.16495179486753,3292.800048828125
469.17350418067377,3279.199951171875
469.1820564919567,3311.800048828125
469.19060872870745,3335.199951171875
469.19916089091714,3323.60009765625
469.207712978577,3272.199951171875
469.21626499167803,3291.199951171875
469.22481693021149,3272.39990234375
469.23336879416848,3317.39990234375
469.24192058354021,3308.800048828125
469.25047229831773,3302.199951171875
469.25902393849219,3358.60009765625
469.26757550405478,3313.60009765625
469.2761269949965,3354.60009765625
469.28467841130873,3504
469.29322975298243,3600
469.30178102000883,3644
469.310332212379,3637.39990234375
469.31888333008419,3587.60009765625
469.32743437311541,3568
469.33598534146392,3608.60009765625
469.34453623512087,3598.199951171875
469.35308705407721,3624.800048828125
469.3616377983243,3535
469.37018846785321,3508.199951171875
469.37873906265509,3528.199951171875
469.38728958272105,3581.800048828125
469.3958400280423,3668
469.40439039860985,3701.800048828125
469.412940694415,3779
469.42149091544883,3688.800048828125
469.43004106170247,3672.199951171875
469.43859113316711,3699.60009765625
469.44714112983388,3739.199951171875
469.45569105169386,3783.60009765625
469.46424089873824,3844.199951171875
469.47279067095826,3831.39990234375
469.48134036834489,3812.60009765625
469.48988999088942,3834.60009765625
469.49843953858289,3920.199951171875
469.50698901141652,3984.39990234375
469.51553840938146,4037.800048828125
469.52408773246884,4057.199951171875
469.53263698066979,3994.39990234375
469.54118615397545,3937.39990234375
469.549735252377,3912.800048828125
469.55828427586556,3988.39990234375
469.56683322443229,4044.39990234375
469.57538209806836,4049.199951171875
469.5839308967648,3997.199951171875
469.59247962051296,3994.800048828125
469.60102826930387,3991.39990234375
469.60957684312859,4085.800048828125
469.61812534197844,4273.7998046875
469.62667376584449,4283.39990234375
469.63522211471786,4317.39990234375
469.64377038858976,4236.60009765625
469.6523185874513,4270.60009765625
469.66086671129369,4394.7998046875
469.66941476010794,4486.2001953125
469.67796273388541,4461.2001953125
469.686510632617,4422.60009765625
469.69505845629408,4273.60009765625
469.70360620490771,4199.60009765625
469.71215387844893,4194.39990234375
469.72070147690914,4249.7998046875
469.72924900027925,4263.39990234375
469.73779644855057,4313.39990234375
469.74634382171416,4361.2001953125
469.75489111976117,4386.2001953125
469.76343834268289,4548.2001953125
469.77198549047034,4685
469.78053256311466,4767
469.789079560607,4793.7998046875
469.7976264829386,4732.39990234375
469.80617333010059,4668.39990234375
469.814720102084,4570.7998046875
469.82326679888013,4652
469.8318134204801,4728.39990234375
469.840359966875,4687.2001953125
469.84890643805608,4728.7998046875
469.8574528340144,4705.39990234375
469.86599915474119,4679.7998046875
469.87454540022759,4811.2001953125
469.88309157046461,4877.39990234375
469.89163766544357,4948.7998046875
469.90018368515564,4961
469.90872962959185,4852.39990234375
469.91727549874344,4795.39990234375
469.92582129260154,4845.2001953125
469.93436701115724,4905.7998046875
469.94291265440182,4985.60009765625
469.95145822232638,5060.2001953125
469.9600037149221,5052.7998046875
469.96854913217993,5113.2001953125
469.9770944740913,5086.39990234375
469.98563974064734,5149.60009765625
469.994184931839,5239.2001953125
470.00273004765768,5286.2001953125
470.01127508809441,5259.60009765625
470.01982005314028,5179.39990234375
470.0283649427866,5216.39990234375
470.03690975702438,5290
470.04545449584487,5337.60009765625
470.0539991592392,5410.7998046875
470.06254374719856,5371.39990234375
470.071088259714,5273
470.0796326967768,5209.7998046875
470.08817705837805,5276.39990234375
470.09672134450904,5384.7998046875
470.1052655551606,5445.39990234375
470.11380969032433,5501.7998046875
470.122353749991,5556.39990234375
470.13089773415203,5630.7998046875
470.13944164279843,5715
470.14798547592142,5917.7998046875
470.15652923351217,5920.60009765625
470.16507291556172,5903.60009765625
470.17361652206142,5782.7998046875
470.18216005300229,5666.39990234375
470.19070350837552,5567.60009765625
470.19924688817235,5590.60009765625
470.20779019238381,5765.60009765625
470.21633342100114,5812.2001953125
470.22487657401547,5827
470.233419651418,5824.2001953125
470.24196265319978,5825.7998046875
470.25050557935214,5936
470.25904842986614,6045.2001953125
470.26759120473292,6194.39990234375
470.27613390394367,6142.60009765625
470.28467652748958,6046.60009765625
470.29321907536189,6007.39990234375
470.30176154755151,6077.39990234375
470.31030394404974,6126.2001953125
470.31884626484788,6231.39990234375
470.3273885099369,6309.60009765625
470.335930679308,6332.39990234375
470.34447277295237,6295.2001953125
470.35301479086121,6296.2001953125
470.36155673302562,6345
470.37009859943674,6425.39990234375
470.37864039008588,6367.60009765625
470.387182104964,6335
470.39572374406242,6302.2001953125
470.40426530737233,6221
470.41280679488472,6351.2001953125
470.42134820659084,6483.60009765625
470.42988954248187,6624.7998046875
470.43843080254896,6686.39990234375
470.4469719867833,6671.60009765625
470.45551309517606,6589.2001953125
470.46405412771833,6603.60009765625
470.47259508440135,6691
470.48113596521625,6770.60009765625
470.48967677015423,6895
470.49821749920642,7021.2001953125
470.50675815236394,6980.60009765625
470.51529872961805,6835.7998046875
470.52383923095988,6928.39990234375
470.53237965638056,6943.39990234375
470.54092000587133,6959.7998046875
470.54946027942333,6972.60009765625
470.55800047702763,6828.7998046875
470.56654059867554,6729.60009765625
470.57508064435814,6686.39990234375
470.58362061406666,6793.2001953125
470.59216050779213,6999.60009765625
470.60070032552596,7219
470.60924006725907,7355.60009765625
470.61777973298274,7455.39990234375
470.62631932268812,7443
470.6348588363665,7435.39990234375
470.64339827400886,7527
470.65193763560637,7575
470.66047692115035,7450.60009765625
470.66901613063186,7388.60009765625
470.6775552640421,7385
470.6860943213722,7267.39990234375
470.69463330261345,7292.2001953125
470.70317220775689,7420.60009765625
470.71171103679382,7612
470.72024978971524,7681.39990234375
470.72878846651241,7697.39990234375
470.73732706717652,7662.60009765625
470.7458655916987,7559.7998046875
470.75440404007009,7634.39990234375
470.762942412282,7747.7998046875
470.77148070832544,7849
470.78001892819162,7986.2001953125
470.78855707187176,8016.7998046875
470.797095139357,7901
470.80563313063857,7943.39990234375
470.81417104570761,8021.7998046875
470.82270888455525,8145.7998046875
470.83124664717269,8164.60009765625
470.83978433355105,8317.7998046875
470.84832194368158,8242.7998046875
470.85685947755542,8142.60009765625
470.86539693516374,8071.39990234375
470.87393431649775,8172
470.88247162154858,8253.2001953125
470.8910088503074,8407
470.89954600276536,8353.400390625
470.90808307891376,8382.400390625
470.91662007874356,8254.400390625
470.92515700224618,8256
470.93369384941258,8363.2001953125
470.94223062023406,8376.599609375
470.95076731470175,8536.400390625
470.95930393280685,8666.599609375
470.96784047454048,8828.599609375
470.9763769398939,8742.2001953125
470.98491332885823,8921.400390625
470.9934496414246,9016
471.00198587758433,9220.2001953125
471.01052203732843,9327.7998046875
471.01905812064814,9193.2001953125
471.02759412753471,8980.599609375
471.03613005797922,8721.400390625
471.04466591197286,8694
471.05320168950686,8816
471.06173739057232,8942.2001953125
471.07027301516047,9097
471.07880856326238,9222.400390625
471.08734403486949,9177.2001953125
471.09587942997268,9279.7998046875
471.10441474856333,9351.7998046875
471.11294999063244,9463.2001953125
471.12148515617145,9696.2001953125
471.13002024517124,9716.7998046875
471.13855525762312,9664
471.1470901935183,9437.7998046875
471.15562505284794,9398.599609375
471.16415983560319,9498.2001953125
471.17269454177529,9740.400390625
471.18122917135537,9823.400390625
471.18976372433457,9913
471.19829820070413,9894.7998046875
471.20683260045524,9774.2001953125
471.215366923579,9713.7998046875
471.22390117006671,9734.400390625
471.23243533990944,9840.400390625
471.24096943309843,10005.7998046875
471.24950344962474,9958.400390625
471.2580373894798,9980.400390625
471.26657125265456,9857.2001953125
471.27510503914027,9970
471.28363874892813,10158.7998046875
471.29217238200937,10343.7998046875
471.30070593837507,10376.7998046875
471.30923941801643,10390.7998046875
471.31777282092469,10255.7998046875
471.326306147091,10320.400390625
471.3348393965066,10347
471.34337256916245,10563.400390625
471.35190566505008,10858.7998046875
471.36043868416039,11030
471.36897162648467,10883.599609375
471.37750449201411,10838.400390625
471.38603728073991,10667
471.39456999265309,10591.2001953125
471.40310262774511,10679
471.41163518600695,10659.599609375
471.42016766742978,10623.400390625
471.428700072005,10599.2001953125
471.43723239972348,10607.7998046875
471.44576465057662,10654
471.45429682455563,10961.400390625
471.46282892165158,11387
471.47136094185566,11496.400390625
471.47989288515913,11616.599609375
471.48842475155311,11602.2001953125
471.49695654102885,11214.7998046875
471.50548825357743,11165.599609375
471.51401988919014,11191
471.52255144785806,11203.599609375
471.53108292957251,11222.2001953125
471.5396143343246,11218.599609375
471.54814566210547,11151.7998046875
471.55667691290643,11225.400390625
471.56520808671854,11341.400390625
471.573739183533,11569
471.58227020334107,11678.7998046875
471.59080114613391,11696.599609375
471.59933201190279,11719.7998046875
471.60786280063877,11583.599609375
471.616393512333,11586
471.62492414697675,11573.400390625
471.6334547045613,11853.400390625
471.64198518507766,12251.2001953125
471.65051558851707,12493.2001953125
471.65904591487077,12465.7998046875
471.66757616412997,12368.400390625
471.67610633628578,12201.599609375
471.68463643132941,12209.2001953125
471.69316644925209,12276.7998046875
471.701696390045,12379
471.7102262536992,12383
471.71875604020607,12138.7998046875
471.7272857495567,12079
471.73581538174233,12128.400390625
471.74434493675415,12265.7998046875
471.75287441458323,12507.400390625
471.76140381522089,12619.400390625
471.7699331386583,12653.7998046875
471.7784623848865,12410.599609375
471.786991553897,12344.2001953125
471.79552064568065,12376.7998046875
471.80404966022894,12520.599609375
471.81257859753282,12850.7998046875
471.82110745758354,13207.400390625
471.82963624037239,13204.7998046875
471.83816494589047,13278.7998046875
471.84669357412906,13266
471.85522212507931,13364.2001953125
471.86375059873222,13285.2001953125
471.87227899507934,13494.7998046875
471.88080731411162,13232
471.88933555582031,12929.2001953125
471.8978637201966,12780.599609375
471.90639180723173,12698.599609375
471.91491981691684,12848.599609375
471.92344774924311,13174
471.93197560420174,13674.7998046875
471.94050338178397,13812.7998046875
471.949031081981,13955
471.957558704784,13841.2001953125
471.96608625018411,13874.400390625
471.97461371817258,13773.400390625
471.9831411087406,13913.400390625
471.99166842187947,14048
472.00019565758015,14002.2001953125
472.008722815834,13788
472.01724989663222,13799.400390625
472.02577689996593,13655.599609375
472.03430382582633,13833
472.04283067420471,14229.2001953125
472.05135744509215,14243
472.05988413847996,14199
472.06841075435926,14075.7998046875
472.07693729272125,13870.7998046875
472.08546375355706,13788.400390625
472.09399013685811,13891
472.10251644261535,14297.599609375
472.11104267082015,14530.2001953125
472.11956882146359,14609.599609375
472.12809489453696,14488.2001953125
472.13662089003139,14422.7998046875
472.14514680793809,14411.400390625
472.15367264824829,14587.2001953125
472.16219841095312,14803.2001953125
472.17072409604395,14864.599609375
472.1792497035118,14762.7998046875
472.18777523334791,14645.599609375
472.19630068554346,14675.7998046875
472.20482606008977,14715.2001953125
472.21335135697791,14822.2001953125
472.22187657619918,15078
472.23040171774466,15306
472.23892678160558,15035.599609375
472.24745176777327,14652
472.25597667623879,14290.7998046875
472.26450150699333,14384
472.27302626002825,14617.7998046875
472.28155093533462,14727.2001953125
472.29007553290364,14994
472.29860005272656,15012.599609375
472.30712449479461,15040.7998046875
472.31564885909887,15014.599609375
472.32417314563065,15173.599609375
472.33269735438108,15511.7998046875
472.34122148534141,15483.7998046875
472.34974553850287,15378
472.35826951385667,15054.2001953125
472.36679341139387,14628
472.37531723110584,14633.599609375
472.38384097298365,14760.400390625
472.3923646370186,14812.599609375
472.40088822320189,15170.2001953125
472.40941173152464,15153.599609375
472.41793516197811,14989
472.42645851455353,14792.400390625
472.4349817892421,14679.2001953125
472.44350498603495,14597.400390625
472.45202810492333,14935.599609375
472.46055114589848,14945.599609375
472.46907410895153,14743.2001953125
472.47759699407385,14805.7998046875
472.48611980125634,14634.7998046875
472.49464253049058,14606.2001953125
472.50316518176749,15109.400390625
472.51168775507836,15327.2001953125
472.52021025041444,15006.400390625
472.52873266776692,15020.2001953125
472.53725500712693,14843.2001953125
472.54577726848578,14285
472.55429945183459,14525.599609375
472.56282155716463,14986.400390625
472.57134358446712,14472
472.5798655337332,14768.599609375
472.58838740495412,15138
472.59690919812112,14637.400390625
472.60543091322523,14232.2001953125
472.61395255025792,15031
472.6224741092102,14976.400390625
472.63099559007338,14538.599609375
472.63951699283865,15079
472.6480383174972,15213.599609375
472.65655956404026,14562.7998046875
472.66508073245905,14668.599609375
472.67360182274473,15714.7998046875
472.68212283488845,15781.2001953125
472.69064376888156,15237.2001953125
472.69916462471525,15757.400390625
472.70768540238072,16137.400390625
472.71620610186909,15141.7998046875
472.72472672317161,14825.599609375
472.73324726627953,15759.599609375
472.7417677311841,15862.599609375
472.75028811787638,15202.2001953125
472.75880842634774,15616.599609375
472.76732865658926,16226
472.77584880859229,15983.2001953125
472.78436888234791,15575
472.79288887784747,16513.400390625
472.801408795082,17427.400390625
472.80992863404288,17001
472.81844839472126,16589.80078125
472.82696807710829,17070.19921875
472.83548768119527,17083.19921875
472.8440072069734,16457
472.85252665443386,16756.400390625
472.86104602356789,17833.599609375
472.8695653143667,18154.599609375
472.87808452682145,17616
472.88660366092341,17500.599609375
472.89512271666382,18103.80078125
472.90364169403381,18113.599609375
472.91216059302468,18043.80078125
472.92067941362757,18501.80078125
472.92919815583377,18816.400390625
472.93771681963437,18860.599609375
472.94623540502079,18700.599609375
472.95475391198408,18808.19921875
472.96327234051546,19127.599609375
472.97179069060616,19680
472.98030896224742,19924.599609375
472.98882715543056,19566
472.99734527014658,18907.599609375
473.00586330638691,18694.400390625
473.01438126414257,18583
473.02289914340497,18537.80078125
473.03141694416507,18421
473.03993466641441,18403
473.04845231014394,19040
473.056969875345,19129.400390625
473.06548736200875,18331.80078125
473.07400477012652,17805.400390625
473.08252209968936,18551.400390625
473.09103935068862,19315.599609375
473.09955652311544,18814
473.10807361696118,17811.80078125
473.11659063221686,17641.599609375
473.12510756887377,18364.80078125
473.13362442692329,18471.80078125
473.14214120635631,17830.599609375
473.15065790716437,17964
473.15917452933849,19479.400390625
473.16769107286996,20024.19921875
473.17620753775003,18949
473.18472392396984,17974.80078125
473.19324023152069,18471.599609375
473.20175646039377,19765.80078125
473.2102726105802,19664.599609375
473.21878868207142,18388.400390625
473.22730467485849,18131.19921875
473.23582058893265,19294
473.24433642428517,19890.400390625
473.25285218090727,19038.80078125
473.26136785879004,18183.400390625
473.26988345792483,19161.80078125
473.27839897830285,20563.19921875
473.28691441991532,20447.599609375
473.29542978275344,18845.400390625
473.30394506680841,18266.19921875
473.31246027207158,19726.19921875
473.320975398534,21010.80078125
473.329490446187,20893
473.33800541502171,19632
473.34652030502946,19700.400390625
473.35503511620141,20769
473.36354984852886,21394
473.3720645020029,20607
473.38057907661482,19578.400390625
473.38909357235593,20254.80078125
473.39760798921731,21362.80078125
473.4061223271903,21405.80078125
473.41463658626611,20269.19921875
473.42315076643592,19291.400390625
473.43166486769087,20463.19921875
473.44017889002237,22198.80078125
473.44869283342155,22833.19921875
473.45720669787966,21694
473.46572048338783,20707.400390625
473.47423418993748,21307.599609375
473.48274781751962,22138.400390625
473.49126136612563,22340.80078125
473.49977483574668,21825.80078125
473.508288226374,21304.80078125
473.51680153799879,22235
473.52531477061234,23173.599609375
473.53382792420587,23270.599609375
473.5423409987705,22490.19921875
473.55085399429754,22014.400390625
473.55936691077829,23120.599609375
473.56787974820389,23882.80078125
473.57639250656553,23449.400390625
473.5849051858545,22202.599609375
473.59341778606205,21361.80078125
473.60193030717943,21950.599609375
473.61044274919772,23091.400390625
473.61895511210827,23805
473.62746739590222,23652.19921875
473.635979600571,23191.80078125
473.64449172610563,23680.19921875
473.65300377249736,24258
473.66151573973752,24703.400390625
473.67002762781732,24723.80078125
473.67853943672787,24067.80078125
473.68705116646061,24109.19921875
473.69556281700665,24623.19921875
473.70407438835718,24828.80078125
473.71258588050353,24456.599609375
473.7210972934368,23956.400390625
473.72960862714831,24503.80078125
473.73811988162936,25366.80078125
473.74663105687097,25775.400390625
473.75514215286455,25805
473.7636531696013,24723.599609375
473.77216410707246,24092.19921875
473.78067496526927,24459
473.78918574418287,25223
473.79769644380457,25708.400390625
473.80620706412566,25758.400390625
473.81471760513722,25530.80078125
473.82322806683061,25340.599609375
473.83173844919696,25718.19921875
473.84024875222764,26263.19921875
473.84875897591377,26518
473.85726912024666,26543
473.86577918521743,26157.80078125
473.87428917081746,26059.80078125
473.88279907703782,25766.400390625
473.89130890386997,25758.19921875
473.89981865130494,25960
473.90832831933403,26304.599609375
473.91683790794855,26709.80078125
473.92534741713968,27022.19921875
473.93385684689855,27141.19921875
473.94236619721659,26817.19921875
473.95087546808486,26477.400390625
473.95938465949473,26496.599609375
473.96789377143733,26928.19921875
473.976402803904,27441
473.984911756886,27487.400390625
473.99342063037437,27194
474.00192942436058,27026.80078125
474.01043813883558,27215.80078125
474.01894677379096,27867.400390625
474.02745532921767,28307.599609375
474.0359638051072,28500
474.0444722014505,28195.19921875
474.052980518239,27536.19921875
474.06148875546393,27030
474.06999691311648,27087.80078125
474.07850499118797,27301.80078125
474.08701298966946,27705.400390625
474.09552090855237,27983.80078125
474.1040287478279,28155.80078125
474.11253650748716,28045
474.12104418752159,28244.400390625
474.12955178792231,28352.599609375
474.13805930868062,28658.599609375
474.14656674978761,28934.400390625
474.15507411123474,29037.400390625
474.16358139301309,28722.400390625
474.172088595114,28336
474.18059571752866,28220.80078125
474.18910276024826,28596.400390625
474.19760972326418,29190
474.20611660656749,29490.80078125
474.21462341014961,29711.19921875
474.22313013400162,29220
474.23163677811488,29129.599609375
474.24014334248062,28912.80078125
474.24864982709,29006.80078125
474.2571562319344,29156.400390625
474.26566255700487,29570.400390625
474.27416880229276,29292.19921875
474.28267496778943,29258.400390625
474.29118105348596,29077.19921875
474.29968705937358,29435.80078125
474.30819298544367,29742.599609375
474.3166988316874,30438
474.325204598096,30369.19921875
474.3337102846607,30030.599609375
474.3422158913728,29615.400390625
474.35072141822354,29235.19921875
474.35922686520416,29096.80078125
474.3677322323058,29603.19921875
474.37623751951986,30173.19921875
474.38474272683749,30639.19921875
474.39324785425,30800.599609375
474.40175290174858,30525.80078125
474.41025786932454,30241
474.41876275696904,30232.599609375
474.42726756467334,30493.80078125
474.43577229242885,30375.400390625
474.44427694022653,30294.19921875
474.45278150805785,30100.80078125
474.461285995914,29609.400390625
474.46979040378625,29590.19921875
474.47829473166576,29742.599609375
474.48679897954383,30505.19921875
474.49530314741173,30987.599609375
474.50380723526069,31161
474.51231124308197,31073.80078125
474.5208151708668,30613.599609375
474.52931901860649,30360.80078125
474.53782278629211,30190.599609375
474.54632647391514,30576.400390625
474.55483008146672,30859.80078125
474.563333608938,31097
474.57183705632042,30944
474.58034042360515,30537.80078125
474.58884371078335,30714.80078125
474.59734691784649,31035.400390625
474.6058500447856,31476
474.61435309159191,31619.599609375
474.6228560582569,31179
474.6313589447717,30554.19921875
474.63986175112751,30100.80078125
474.64836447731568,29975.400390625
474.6568671233274,30575.599609375
474.66536968915386,31245.400390625
474.67387217478648,31719.19921875
474.68237458021639,32014.400390625
474.69087690543483,31806.400390625
474.69937915043312,31492
474.70788131520248,31379.400390625
474.71638339973418,31632.80078125
474.7248854040194,31853
474.7333873280495,31657.80078125
474.74188917181573,31481.80078125
474.75039093530927,31124.19921875
474.75889261852137,30948.19921875
474.76739422144334,31178.599609375
474.77589574406636,31905.80078125
474.78439718638185,32389.599609375
474.79289854838089,32596.80078125
474.80139983005478,32458.400390625
474.80990103139476,31865.80078125
474.81840215239225,31658.80078125
474.82690319303828,31746.19921875
474.83540415332419,32130.80078125
474.8439050332413,32403.19921875
474.85240583278073,32639.80078125
474.86090655193385,32527.400390625
474.8694071906919,32476.400390625
474.87790774904613,32249
474.88640822698773,32554.19921875
474.89490862450805,32575.80078125
474.90340894159834,32598
474.9119091782498,32437.599609375
474.92040933445367,32102.19921875
474.9289094102013,31976.19921875
474.93740940548383,31716.80078125
474.94590932029269,32223
474.954409154619,32781.3984375
474.962908908454,33375.80078125
474.97140858178909,33700.3984375
474.97990817461539,33535.6015625
474.98840768692423,32836.6015625
474.99690711870682,32575.19921875
475.00540646995449,32407.80078125
475.0139057406584,32659.19921875
475.02240493080996,32807.19921875
475.03090404040023,32809.80078125
475.03940306942059,32807.3984375
475.04790201786233,32940.80078125
475.0564008857167,32977.6015625
475.06489967297489,33555.3984375
475.0733983796282,34244.6015625
475.08189700566794,34500.6015625
475.09039555108524,34090.80078125
475.09889401587145,33455.19921875
475.10739240001794,32513
475.11589070351579,32267.80078125
475.12438892635635,32627.19921875
475.13288706853081,32923
475.14138513003053,33338.80078125
475.1498831108467,33499.80078125
475.15838101097063,33292.80078125
475.1668788303935,33121.80078125
475.17537656910673,33560.19921875
475.1838742271014,33909.6015625
475.19237180436892,34337.80078125
475.20086930090054,34344.19921875
475.20936671668738,33735.3984375
475.21786405172082,33166.19921875
475.22636130599221,32861.6015625
475.23485847949263,33125
475.24335557221349,33885
475.25185258414592,34345
475.26034951528129,34341.6015625
475.26884636561078,34271
475.27734313512582,33977.19921875
475.28583982381741,33389.19921875
475.29433643167715,33432.19921875
475.302832958696,33715.6015625
475.31132940486538,34012.80078125
475.31982577017652,34282.3984375
475.32832205462074,34119.80078125
475.33681825818923,33776.19921875
475.34531438087328,33850
475.35381042266425,34245
475.36230638355323,34633
475.37080226353169,34991.19921875
475.37929806259069,34702
475.38779378072155,34076.19921875
475.39628941791568,33459.3984375
475.40478497416422,33153.80078125
475.41328044945851,33308.3984375
475.4217758437897,33853.19921875
475.43027115714921,34477.19921875
475.43876638952827,34889.19921875
475.447261540918,34909.80078125
475.45575661130988,34828.19921875
475.46425160069504,34774.6015625
475.47274650906485,34583
475.48124133641051,34987.3984375
475.48973608272325,35035.3984375
475.49823074799446,34568.80078125
475.5067253322153,34071.19921875
475.5152198353772,33533.80078125
475.52371425747123,33743.6015625
475.53220859848875,34502.80078125
475.54070285842107,35287
475.54919703725932,35743.6015625
475.55769113499497,35734.19921875
475.56618515161921,35270.6015625
475.57467908712329,34628.19921875
475.5831729414985,34321.19921875
475.59166671473605,34262.6015625
475.60016040682729,34660.80078125
475.60865401776346,34870.6015625
475.61714754753592,35005.3984375
475.62564099613581,35023.19921875
475.63413436355444,34920.19921875
475.64262764978321,35023.80078125
475.65112085481314,35583.19921875
475.65961397863572,36190.19921875
475.66810702124218,36335.3984375
475.67659998262377,35719.6015625
475.68509286277174,35108.6015625
475.69358566167733,34543.3984375
475.702078379332,34694.80078125
475.71057101572683,35300
475.71906357085322,35871.6015625
475.72755604470228,36289.80078125
475.73604843726554,36252.80078125
475.74454074853406,35923
475.75303297849922,35537.3984375
475.7615251271522,35321.6015625
475.77001719448447,35641.6015625
475.77850918048705,35726.6015625
475.78700108515136,35507
475.79549290846876,35247
475.80398465043032,35072.3984375
475.81247631102747,35497.6015625
475.82096789025144,35748
475.8294593880936,36523.3984375
475.83795080454507,36871.3984375
475.84644213959723,36847
475.85493339324125,36512.3984375
475.86342456546856,35564.3984375
475.8719156562704,35122.19921875
475.88040666563796,34844.6015625
475.8888975935626,35059.80078125
475.89738844003557,35326.3984375
475.90587920504817,35733.19921875
475.91436988859158,35652.3984375
475.92286049065729,35859.6015625
475.93135101123636,35682
475.93984145032022,35822.6015625
475.9483318079001,36362.6015625
475.95682208396727,36794
475.965312278513,36593.19921875
475.97380239152864,35962.6015625
475.98229242300533,35568.80078125
475.99078237293446,35282.80078125
475.99927224130738,35297.6015625
476.00776202811517,35924.3984375
476.01625173334929,36314
476.02474135700106,36859.3984375
476.03323089906149,36491
476.04172035952217,36210.80078125
476.05020973837412,35847.6015625
476.05869903560892,35835.19921875
476.0671882512176,35919
476.07567738519151,35892.3984375
476.08416643752196,35844.6015625
476.09265540820024,35804.80078125
476.10114429721762,35365.80078125
476.10963310456543,35229.80078125
476.11812183023483,35656
476.12661047421727,36480.80078125
476.1350990365039,36851.6015625
476.14358751708608,36669.19921875
476.15207591595509,36179.19921875
476.16056423310215,35609.80078125
476.1690524685186,35350.80078125
476.17754062219575,35634
476.18602869412484,36304.19921875
476.19451668429718,37067.6015625
476.203004592704,37155
476.21149241933671,37078
476.21998016418644,36849
476.22846782724463,36663.3984375
476.23695540850241,36935.3984375
476.24544290795126,36990
476.2539303255823,37052
476.26241766138691,36931.6015625
476.27090491535631,36445.19921875
476.27939208748188,35953
476.2878791777548,36204
476.29636618616644,36703.3984375
476.30485311270803,37790.3984375
476.31333995737094,38146.3984375
476.3218267201463,38312.80078125
476.33031340102565,37790
476.33880000000011,37162
476.34728651706092,36429
476.35577295219957,36428.3984375
476.36425930540713,36341
476.37274557667507,36445.6015625
476.38123176599453,36236.3984375
476.38971787335686,36145.3984375
476.39820389875342,35961.3984375
476.40668984217535,36412.6015625
476.41517570361412,37024.6015625
476.423661483061,37698.80078125
476.43214718050712,38134.3984375
476.44063279594383,37959.6015625
476.44911832936253,37331.19921875
476.45760378075454,36547.6015625
476.46608915011086,36398.19921875
476.4745744374232,36536.80078125
476.48305964268246,37168.6015625
476.49154476588012,37666.3984375
476.50002980700748,37605.80078125
476.5085147660559,37284.19921875
476.5169996430165,36827.80078125
476.52548443788066,36990.6015625
476.53396915063968,37194.6015625
476.54245378128491,37372.3984375
476.55093832980754,37461.19921875
476.55942279619893,37278
476.56790718045033,36977.80078125
476.57639148255305,36718.80078125
476.58487570249849,36829.6015625
476.59335984027774,37179.19921875
476.60184389588227,37517.80078125
476.61032786930326,37764.80078125
476.61881176053214,37232
476.62729556956003,36522.6015625
476.63577929637836,35923
476.64426294097842,35764.6015625
476.65274650335147,35953.3984375
476.66122998348879,36413.6015625
476.66971338138165,36995.6015625
476.67819669702152,37224.80078125
476.68667993039952,37276
476.69516308150696,37413.19921875
476.7036461503352,37453.3984375
476.71212913687549,37642.80078125
476.72061204111924,37532.19921875
476.72909486305764,37390
476.737577602682,36769.19921875
476.74606025998361,36026.6015625
476.75454283495384,35107.80078125
476.76302532758393,35107.19921875
476.77150773786525,35485.80078125
476.779990065789,36465.6015625
476.78847231134648,36677.80078125
476.79695447452906,37115.6015625
476.805436555328,36965.19921875
476.81391855373465,36576.80078125
476.82240046974027,36244.19921875
476.83088230333618,36432.19921875
476.83936405451368,36354.6015625
476.847845723264,36273.6015625
476.85632730957855,36060
476.86480881344858,35731
476.87329023486546,35295.80078125
476.88177157382034,35412.19921875
476.89025283030463,35810.19921875
476.89873400430957,36369
476.90721509582659,36680.6015625
476.91569610484686,36942.80078125
476.92417703136175,36118.19921875
476.93265787536257,35319.3984375
476.94113863684055,34932.6015625
476.94961931578712,35110.3984375
476.9580999121934,35271.3984375
476.96658042605088,35607.6015625
476.9750608573508,35776.6015625
476.98354120608445,35547
476.99202147224315,35141.19921875
477.00050165581814,35136.19921875
477.00898175680078,35411.3984375
477.01746177518237,35728.80078125
477.02594171095427,36022.80078125
477.03442156410773,35775.80078125
477.04290133463405,35502
477.05138102252454,35309
477.05986062777049,35237.80078125
477.06834015036321,35647.3984375
477.07681959029412,36211.80078125
477.08529894755441,36627
477.09377822213543,36445
477.10225741402832,35923.19921875
477.11073652322472,34910.19921875
477.1192155497157,34481.19921875
477.12769449349253,34505.6015625
477.13617335454671,34696.3984375
477.14465213286951,34922.19921875
477.15313082845205,34978.6015625
477.16160944128586,35139
477.17008797136214,35115.80078125
477.17856641867218,35252
477.18704478320734,35767.3984375
477.19552306495893,36404.80078125
477.2040012639182,36313.80078125
477.21247938007662,35782.80078125
477.22095741342525,35094.19921875
477.22943536395564,34348.19921875
477.237913231659,33822.3984375
477.24639101652656,33778
477.25486871854974,34242
477.26334633771984,34555.19921875
477.27182387402809,34712.19921875
477.28030132746591,34634.3984375
477.2887786980246,34700.80078125
477.29725598569547,34711.3984375
477.30573319046971,34717.19921875
477.31421031233879,34753.19921875
477.32268735129389,34618.3984375
477.33116430732645,34514.80078125
477.33964118042769,34148.6015625
477.348117970589,34006.3984375
477.35659467780164,33894.80078125
477.36507130205695,34082.80078125
477.37354784334616,34699.3984375
477.38202430166069,34855.3984375
477.39050067699179,35170.80078125
477.39897696933076,35060.6015625
477.40745317866907,34279.19921875
477.41592930499792,33894.80078125
477.42440534830854,33939
477.43288130859236,33990.19921875
477.44135718584067,34165.19921875
477.44983298004485,34022.80078125
477.45830869119607,33758.19921875
477.46678431928569,33377.3984375
477.47525986430509,33027.80078125
477.48373532624566,33238.6015625
477.4922107050985,33444.3984375
477.50068600085507,33548
477.50916121350673,33446.6015625
477.51763634304461,33070.6015625
477.5261113894602,32801.3984375
477.53458635274478,32892.6015625
477.54306123288961,33259.80078125
477.55153602988611,33991.6015625
477.56001074372551,34747.6015625
477.56848537439907,34580
477.57695992189832,34276.6015625
477.58543438621433,33702
477.59390876733863,33372.80078125
477.60238306526247,33034.6015625
477.6108572799771,32858.19921875
477.61933141147392,32572.599609375
477.62780545974425,32556.19921875
477.63627942477927,32333.80078125
477.64475330657046,32064.599609375
477.65322710510918,31990.400390625
477.66170082038661,32570.19921875
477.67017445239412,33202.19921875
477.678648001123,33713.3984375
477.68712146656463,33602.19921875
477.6955948487103,33148.80078125
477.70406814755137,32595.599609375
477.7125413630792,32141.19921875
477.72101449528492,31949.19921875
477.72948754416007,32260.599609375
477.73796050969577,32326.80078125
477.74643339188356,32605
477.75490619071462,32384.599609375
477.76337890618032,32225.599609375
477.77185153827196,32073.400390625
477.7803240869809,32045.19921875
477.78879655229832,32133.80078125
477.79726893421582,32124.80078125
477.80574123272453,31889.19921875
477.81421344781575,31527.80078125
477.822685579481,31210.400390625
477.83115762771132,31139.80078125
477.83962959249834,31070.400390625
477.8481014738332,31518
477.85657327170713,32004.80078125
477.86504498611168,32190
477.87351661703809,31806.19921875
477.88198816447772,31266.400390625
477.89045962842175,30889
477.89893100886172,30725.80078125
477.90740230578882,31261
477.91587351919429,31643.400390625
477.92434464906972,32075.400390625
477.93281569540613,31852.599609375
477.94128665819511,31376.19921875
477.94975753742796,31423.400390625
477.9582283330958,31306
477.96669904519018,31414.400390625
477.97516967370228,31404.599609375
477.98364021862352,30984
477.99211067994526,30372.400390625
478.00058105765868,29796
478.00905135175515,29552.599609375
478.01752156222614,29644.400390625
478.02599168906283,30167.19921875
478.03446173225666,30699.80078125
478.04293169179886,31493.19921875
478.05140156768078,31364.400390625
478.05987135989386,31414.80078125
478.06834106842922,31124.80078125
478.07681069327839,30918
478.08528023443267,30923.599609375
478.09374969188332,30895.80078125
478.10221906562168,30563.400390625
478.11068835563913,29984.19921875
478.11915756192695,29685.400390625
478.12762668447652,29380.19921875
478.13609572327908,29236
478.14456467832616,29664.599609375
478.15303354960889,29980.599609375
478.16150233711863,29983
478.1699710408468,30023.400390625
478.1784396607847,29281
478.18690819692364,29084.400390625
478.19537664925508,29037.19921875
478.20384501777016,29042.400390625
478.2123133024603,29348.400390625
478.22078150331674,29436.400390625
478.229249620331,29334.599609375
478.23771765349431,29138.599609375
478.24618560279805,28897.599609375
478.25465346823353,28956.400390625
478.26312124979205,29299.80078125
478.271588947465,29798.19921875
478.28005656124367,29854.599609375
478.28852409111937,29563.80078125
478.2969915370835,29026.400390625
478.30545889912742,28569.80078125
478.31392617724242,28345
478.32239337141982,28463.19921875
478.33086048165103,28638
478.33932750792729,28682
478.34779445023992,28647.400390625
478.35626130858049,28139.80078125
478.36472808293996,27613.400390625
478.3731947733101,27554.80078125
478.38166137968187,27355.400390625
478.39012790204686,27584.80078125
478.3985943403963,27910.80078125
478.40706069472145,27799.19921875
478.41552696501378,27948
478.42399315126465,28036
478.43245925346531,28288.400390625
478.44092527160706,28608.80078125
478.44939120568142,28871
478.45785705567954,28829.80078125
478.46632282159288,28312
478.47478850341275,27600
478.48325410113046,27034.400390625
478.49171961473741,26569
478.50018504422491,26703.80078125
478.50865038958426,26629
478.51711565080683,27012
478.525580827884,27093
478.53404592080705,27119.19921875
478.54251092956736,27074.80078125
478.55097585415632,27396.80078125
478.55944069456518,27645.80078125
478.5679054507853,27935
478.576370122808,28123
478.58483471062482,28077.19921875
478.59329921422682,27564.80078125
478.60176363360557,27220.400390625
478.61022796875227,26865.400390625
478.61869221965827,26947
478.62715638631505,27304.599609375
478.6356204687138,27378.599609375
478.64408446684592,27420.599609375
478.6525483807028,26961.19921875
478.66101221027571,26724.19921875
478.66947595555609,26349.19921875
478.67793961653518,26485
478.6864031932044,26421.400390625
478.69486668555504,26471.599609375
478.70333009357853,26603
478.71179341726605,26507
478.72025665660925,26153.80078125
478.72871981159915,26040.400390625
478.73718288222727,26374.599609375
478.74564586848493,26572.80078125
478.75410877036336,26728.19921875
478.76257158785415,26435.599609375
478.7710343209485,26236.599609375
478.77949696963776,25944.599609375
478.78795953391324,26023.599609375
478.79642201376635,26160.599609375
478.8048844091885,26288.19921875
478.81334672017095,26711.19921875
478.821808946705,26634.400390625
478.83027108878213,26543.599609375
478.83873314639362,26040.400390625
478.84719511953074,25614
478.855657008185,25333.400390625
478.86411881234767,25055.400390625
478.87258053201009,25065.19921875
478.88104216716363,24947.19921875
478.8895037177997,24840.80078125
478.89796518390943,24786.400390625
478.90642656548448,24836.400390625
478.91488786251597,25063.599609375
478.92334907499537,25777
478.931810202914,26325.80078125
478.94027124626319,26411.19921875
478.94873220503433,26220.80078125
478.95719307921871,25831.400390625
478.96565386880775,25188
478.9741145737928,24869.400390625
478.98257519416507,24539.80078125
478.99103572991612,24419
478.99949618103733,24408.80078125
479.00795654751983,24159
479.016416829355,23917.400390625
479.02487702653445,23881.400390625
479.03333713904925,23909.599609375
479.04179716689089,24199.599609375
479.05025711005072,24327.80078125
479.05871696852006,24640.599609375
479.06717674229037,24514.599609375
479.07563643135279,24147
479.08409603569879,23798.19921875
479.09255555531985,23630.80078125
479.1010149902072,23653.400390625
479.10947434035216,23837
479.11793360574615,24070.19921875
479.12639278638056,24035
479.13485188224666,23801.400390625
479.14331089333587,23437
479.15176981963953,23356
479.16022866114895,23584.599609375
479.16868741785561,23726.599609375
479.17714608975075,23773
479.18560467682568,23691.19921875
479.194063179072,23416
479.20252159648078,23118.80078125
479.21097992904362,23047.80078125
479.21943817675174,22959.599609375
479.2278963395965,23084.400390625
479.23635441756932,22990.80078125
479.24481241066155,22572.400390625
479.25327031886457,22064.19921875
479.2617281421696,21923.400390625
479.27018588056814,21768.400390625
479.27864353405147,22165.400390625
479.28710110261113,22505.400390625
479.29555858623826,23035.80078125
479.30401598492426,23247.400390625
479.31247329866062,23321
479.32093052743852,23119.599609375
479.32938767124955,22969
479.3378447300849,22756.400390625
479.34630170393592,22602.599609375
479.3547585927941,22252
479.36321539665062,22076.80078125
479.37167211549706,21602.80078125
479.38012874932463,21082
479.38858529812472,20817.400390625
479.39704176188877,20874
479.40549814060813,21378.80078125
479.413954434274,21818.599609375
479.42241064287788,22161.19921875
479.4308667664111,22316.599609375
479.43932280486513,22362.80078125
479.44777875823121,22233.400390625
479.45623462650076,22098.599609375
479.46469040966508,21941.80078125
479.47314610771571,21984
479.48160172064371,21945.80078125
479.49005724844073,21575.19921875
479.498512691098,21091.400390625
479.506968048607,20750
479.51542332095886,20629.400390625
479.52387850814529,20814.19921875
479.53233361015731,20823.400390625
479.54078862698651,20925.19921875
479.54924355862414,20842
479.55769840506167,20548.80078125
479.56615316629046,20337.599609375
479.57460784230176,20307.19921875
479.58306243308704,20459.400390625
479.59151693863765,20646
479.59997135894491,20841.400390625
479.60842569400029,20616.80078125
479.616879943795,20440.400390625
479.62533410832066,20120
479.63378818756843,20011.80078125
479.6422421815297,20072.80078125
479.65069609019588,20144.80078125
479.65914991355834,20278.400390625
479.66760365160843,20317.19921875
479.67605730433758,20182.400390625
479.68451087173707,20064.80078125
479.69296435379835,20023.400390625
479.7014177505128,20184.19921875
479.7098710618717,20198
479.71832428786644,20236
479.7267774284885,19981.80078125
479.73523048372914,19351
479.74368345357976,18808.80078125
479.75213633803179,18493.400390625
479.76058913707652,18495.400390625
479.76904185070538,18472.19921875
479.77749447890966,18832.19921875
479.78594702168084,19211.400390625
479.79439947901028,19430.599609375
479.80285185088928,19420.80078125
479.81130413730932,19492.80078125
479.81975633826158,19670
479.82820845373766,19647.599609375
479.83666048372885,19720.80078125
479.84511242822646,19335
479.85356428722196,18840
479.86201606070659,18526
479.87046774867196,18065.80078125
479.87891935110923,17940
479.8873708680099,18021.400390625
479.89582229936525,18125.80078125
479.90427364516671,18249
479.91272490540564,18202.19921875
479.92117608007339,18145.19921875
479.92962716916145,18025.400390625
479.93807817266105,17952.19921875
479.94652909056373,17997.599609375
479.95497992286073,18135.400390625
479.96343066954353,18208.19921875
479.97188133060331,18151
479.98033190603172,18052
479.98878239581995,17905.599609375
479.99723279995948,17934.19921875
480.0056831184416,18018.599609375
480.01413335125773,18063.599609375
480.02258349839929,18013.400390625
480.03103355985763,17758.19921875
480.03948353562407,17415.19921875
480.04793342569008,17064.80078125
480.056383230047,16933
480.06483294868622,17147.599609375
480.07328258159907,17227.80078125
480.081732128777,17300.599609375
480.09018159021144,17225.80078125
480.09863096589362,17109.19921875
480.10708025581505,16924.400390625
480.115529459967,16711.599609375
480.123978578341,16613.19921875
480.13242761092823,16534.80078125
480.14087655772028,16709.400390625
480.14932541870843,16635
480.157774193884,16593.19921875
480.16622288323862,16498.400390625
480.17467148676337,16534.400390625
480.18312000444973,16873
480.19156843628912,17053.599609375
480.20001678227305,17261.19921875
480.20846504239262,17115.599609375
480.21691321663945,16838.80078125
480.22536130500487,16490.400390625
480.2338093074801,15959.599609375
480.24225722405686,15799.2001953125
480.25070505472621,15535.400390625
480.25915279947969,15448.400390625
480.26760045830872,15343.2001953125
480.27604803120454,15276
480.28449551815868,15384.7998046875
480.29294291916244,15307.400390625
480.30139023420725,15542.599609375
480.30983746328445,16037.2001953125
480.31828460638542,16139.400390625
480.32673166350168,16095.400390625
480.33517863462447,15931.400390625
480.34362551974527,15744.400390625
480.35207231885533,15374.2001953125
480.3605190319463,15207.7998046875
480.36896565900923,15370.2001953125
480.37741220003579,15414.7998046875
480.38585865501727,15248.7998046875
480.39430502394504,15013
480.40275130681044,14843
480.41119750360497,14783
480.41964361431991,14678.599609375
480.4280896389468,14759.400390625
480.43653557747683,14837
480.44498142990159,14800.400390625
480.45342719621237,14628.400390625
480.46187287640055,14434.2001953125
480.47031847045753,14342
480.47876397837467,14377.7998046875
480.48720940014346,14477.599609375
480.49565473575524,14492
480.50409998520138,14528.7998046875
480.51254514847324,14400.599609375
480.52099022556229,14070.599609375
480.52943521645994,14005.400390625
480.53788012115751,13972.2001953125
480.54632493964635,14091.400390625
480.554769671918,14241.400390625
480.56321431796374,14442
480.57165887777506,14362.400390625
480.58010335134315,14162
480.58854773865966,14094
480.59699203971587,13757.7998046875
480.6054362545031,13665.599609375
480.61388038301283,13671.599609375
480.62232442523651,13441.2001953125
480.63076838116547,13183.2001953125
480.639212250791,13019.2001953125
480.64765603410467,12896
480.65609973109781,12869.7998046875
480.66454334176177,12958.400390625
480.672986866088,13298.2001953125
480.68143030406787,13632
480.68987365569285,13860.599609375
480.69831692095426,13752.2001953125
480.70676009984345,13630
480.71520319235191,13548.2001953125
480.72364619847104,13325.2001953125
480.73208911819216,13266.7998046875
480.74053195150674,13096.599609375
480.74897469840607,12965.400390625
480.7574173588817,12662.400390625
480.76585993292497,12390.2001953125
480.77430242052725,12262.400390625
480.7827448216799,12267.2001953125
480.7911871363745,12434
480.79962936460225,12736.599609375
480.80807150635462,12775.400390625
480.81651356162297,12681.400390625
480.82495553039882,12606.599609375
480.83339741267343,12435.400390625
480.84183920843827,12377.400390625
480.85028091768476,12465
480.8587225404043,12533.7998046875
480.86716407658821,12730.400390625
480.87560552622796,12668.2001953125
480.884046889315,12497.400390625
480.89248816584063,12247.400390625
480.90092935579622,12087.2001953125
480.90937045917332,12006
480.91781147596322,12042.599609375
480.9262524061574,12027.7998046875
480.93469324974723,11968.2001953125
480.94313400672405,11833.599609375
480.95157467707941,11546.400390625
480.96001526080454,11534.400390625
480.96845575789092,11632.400390625
480.97689616833003,11773.7998046875
480.98533649211316,11909.2001953125
480.9937767292318,11898
481.00221687967723,11699.599609375
481.01065694344106,11428.599609375
481.01909692051441,11270.599609375
481.027536810889,11246.2001953125
481.03597661455603,11331.7998046875
481.04441633150697,11458.2001953125
481.05285596173314,11551.599609375
481.0612955052261,11515.2001953125
481.06973496197713,11523.599609375
481.07817433197783,11494.7998046875
481.08661361521933,11445.7998046875
481.09505281169317,11566.7998046875
481.1034919213908,11497.7998046875
481.11193094430354,11283.7998046875
481.12036988042291,11096.599609375
481.12880872974017,10701
481.13724749224684,10472.7998046875
481.14568616793429,10428
481.15412475679403,10470.2001953125
481.16256325881727,10592.400390625
481.17100167399548,10782
481.17944000232023,10777.2001953125
481.18787824378279,10776.7998046875
481.19631639837456,10917.400390625
481.20475446608697,10966.400390625
481.21319244691153,11068.599609375
481.22163034083945,11022.400390625
481.23006814786231,10976.7998046875
481.23850586797141,10805.400390625
481.24694350115823,10615.2001953125
481.25538104741423,10410.400390625
481.26381850673067,10260
481.27225587909913,10227.2001953125
481.28069316451092,10289
481.28913036295751,10306.400390625
481.2975674744302,10195.599609375
481.30600449892052,10053.2001953125
481.31444143641977,9938.400390625
481.32287828691949,9810.7998046875
481.33131505041109,9825
481.33975172688594,9864.400390625
481.34818831633532,9988.7998046875
481.35662481875084,10120
481.36506123412391,10154.7998046875
481.37349756244572,9994.400390625
481.38193380370797,9965.7998046875
481.3903699579019,9828
481.39880602501904,9804.7998046875
481.40724200505065,9744.2001953125
481.41567789798825,9689.7998046875
481.42411370382331,9616
481.43254942254708,9468.7998046875
481.44098505415116,9369
481.44942059862683,9468
481.45785605596552,9662.7998046875
481.4662914261587,9769.2001953125
481.4747267091978,9747
481.48316190507421,9603.599609375
481.49159701377931,9377.2001953125
481.50003203530457,9160.599609375
481.5084669696414,8935.599609375
481.51690181678123,8857
481.52533657671535,8829
481.5337712494354,8792.599609375
481.54220583493259,8846.400390625
481.55064033319849,8882.400390625
481.55907474422446,8899
481.56750906800193,9057.599609375
481.5759433045223,9278
481.58437745377694,9334.7998046875
481.59281151575738,9471
481.601245490455,9370
481.60967937786126,9239.2001953125
481.61811317796742,8878.7998046875
481.62654689076504,8712.2001953125
481.63498051624566,8527.599609375
481.64341405440035,8534
481.65184750522087,8451
481.66028086869846,8428.7998046875
481.66871414482461,8405
481.67714733359077,8288.400390625
481.68558043498825,8266.599609375
481.69401344900854,8339.599609375
481.70244637564315,8545.599609375
481.71087921488328,8576.2001953125
481.71931196672057,8603
481.72774463114644,8583.2001953125
481.73617720815213,8522.599609375
481.74460969772912,8464
481.75304209986905,8502.7998046875
481.76147441456305,8412
481.76990664180278,8422
481.77833878157952,8406.599609375
481.7867708338847,8316.599609375
481.79520279870985,8077.39990234375
481.80363467604633,7856.60009765625
481.81206646588549,7832.39990234375
481.82049816821888,7890.39990234375
481.82892978303784,7866.60009765625
481.8373613103339,7843.39990234375
481.84579275009833,7864
481.85422410232275,7910.7998046875
481.86265536699841,7887.39990234375
481.87108654411679,7815.39990234375
481.87951763366948,7870.2001953125
481.88794863564766,7820.7998046875
481.89637955004287,7856.7998046875
481.90481037684657,7761
481.91324111605019,7564.39990234375
481.921671767645,7397
481.93010233162272,7410.60009765625
481.93853280797447,7514.7998046875
481.94696319669191,7613.39990234375
481.95539349776635,7711.39990234375
481.96382371118932,7818.39990234375
481.97225383695206,7803.7998046875
481.98068387504622,7620.39990234375
481.98911382546305,7385.2001953125
481.99754368819413,7321
482.00597346323082,7210
482.01440315056453,7124
482.02283275018675,7096
482.03126226208889,6938.39990234375
482.0396916862623,6860.60009765625
482.04812102269858,6831.7998046875
482.056550271389,6825.60009765625
482.06497943232506,6935.39990234375
482.07340850549826,7113.7998046875
482.08183749089994,7259.60009765625
482.09026638852157,7242.7998046875
482.09869519835456,7195
482.10712392039039,7085.39990234375
482.11555255462036,7026.60009765625
482.12398110103607,6968.39990234375
482.13240955962897,7018.39990234375
482.14083793039038,6964.60009765625
482.14926621331171,6888.60009765625
482.15769440838449,6701.7998046875
482.16612251560008,6537.2001953125
482.17455053495,6491.60009765625
482.18297846642565,6440.2001953125
482.19140631001841,6512.39990234375
482.19983406571981,6565.2001953125
482.20826173352128,6518
482.21668931341418,6428.39990234375
482.22511680539,6362.60009765625
482.23354420944014,6274.60009765625
482.2419715255561,6327
482.25039875372926,6421.7998046875
482.2588258939511,6595
482.26725294621303,6635.7998046875
482.27567991050643,6584
482.28410678682286,6437.7998046875
482.29253357515375,6324
482.30096027549041,6235.60009765625
482.30938688782447,6214.2001953125
482.31781341214713,6227.2001953125
482.32623984845009,6239
482.33466619672458,6241.60009765625
482.3430924569621,6169.39990234375
482.35151862915416,6152.39990234375
482.35994471329212,6167.60009765625
482.36837070936753,6126.2001953125
482.37679661737167,6025.60009765625
482.38522243729608,5970.2001953125
482.39364816913223,5955.7998046875
482.40207381287149,5846.39990234375
482.41049936850533,5697
482.41892483602516,5667
482.42735021542251,5676.60009765625
482.4357755066888,5745.60009765625
482.44420070981539,5918.60009765625
482.45262582479376,5994.2001953125
482.46105085161548,5992.60009765625
482.4694757902717,6027.7998046875
482.47790064075417,5934
482.48632540305425,5903.60009765625
482.49475007716325,5823.7998046875
482.50317466307274,5811.60009765625
482.51159916077415,5783
482.52002357025884,5630.39990234375
482.52844789151845,5526.2001953125
482.53687212454423,5330.2001953125
482.54529626932765,5269
482.5537203258603,5310.60009765625
482.56214429413353,5396.60009765625
482.57056817413871,5446.39990234375
482.57899196586737,5466.7998046875
482.587415669311,5435.39990234375
482.59583928446096,5381.7998046875
482.60426281130873,5325.60009765625
482.61268624984581,5408.7998046875
482.62110960006356,5396.2001953125
482.62953286195346,5409.2001953125
482.63795603550705,5420.39990234375
482.64637912071561,5463.2001953125
482.65480211757068,5315.2001953125
482.66322502606374,5268
482.67164784618615,5223.39990234375
482.68007057792943,5135.7998046875
482.68849322128506,5114.60009765625
482.6969157762444,5055.7998046875
482.705338242799,4987.39990234375
482.71376062094015,4909.39990234375
482.7221829106594,4857.2001953125
482.73060511194831,4921.39990234375
482.73902722479806,4948.39990234375
482.74744924920037,5018.2001953125
482.75587118514665,5016.60009765625
482.76429303262819,5062
482.77271479163659,5005.39990234375
482.7811364621632,4836.39990234375
482.78955804419957,4784.60009765625
482.79797953773709,4688.39990234375
482.8064009427672,4611.60009765625
482.81482225928147,4599.2001953125
482.82324348727116,4719.7998046875
482.8316646267279,4757.60009765625
482.84008567764306,4767.7998046875
482.84850664000805,4754.2001953125
482.85692751381447,4783.7998046875
482.86534829905366,4840.2001953125
482.87376899571706,4892
482.88218960379618,4751.39990234375
482.89061012328244,4667.2001953125
482.89903055416744,4544.39990234375
482.90745089644241,4449.39990234375
482.91587115009895,4355.7998046875
482.92429131512841,4328.7998046875
482.93271139152239,4393.60009765625
482.94113137927218,4413
482.94955127836943,4450.60009765625
482.95797108880544,4427
482.96639081057174,4427.7998046875
482.97481044365975,4447.7998046875
482.98322998806088,4507.7998046875
482.99164944376673,4541.7998046875
483.00006881076865,4499
483.00848808905812,4447.2001953125
483.01690727862666,4389.39990234375
483.0253263794657,4348.7998046875
483.03374539156653,4270.60009765625
483.04216431492085,4206.39990234375
483.05058314952004,4227.60009765625
483.05900189535549,4161.60009765625
483.06742055241881,4100.7998046875
483.07583912070123,4113.2001953125
483.08425760019441,3987.199951171875
483.09267599088975,4040
483.10109429277873,3993.199951171875
483.10951250585271,4097.60009765625
483.11793063010333,4115
483.1263486655219,4122
483.1347666120999,4115
483.14318446982884,4106.60009765625
483.15160223870026,4121.2001953125
483.16001991870547,4141.39990234375
483.16843750983594,4115.39990234375
483.17685501208319,4129.39990234375
483.18527242543871,4060.800048828125
483.19368974989396,3973
483.20210698544037,3906.800048828125
483.21052413206939,3844.39990234375
483.21894118977247,3819
483.22735815854111,3839.39990234375
483.23577503836685,3823.39990234375
483.244191829241,3906
483.25260853115515,3886.39990234375
483.26102514410076,3799.199951171875
483.26944166806919,3788.60009765625
483.277858103052,3755.800048828125
483.28627444904055,3739.800048828125
483.29469070602647,3747.39990234375
483.30310687400112,3652.199951171875
483.31152295295595,3625
483.31993894288246,3625.60009765625
483.32835484377216,3568.39990234375
483.33677065561648,3669
483.34518637840688,3653
483.35360201213484,3689.60009765625
483.36201755679184,3785
483.37043301236923,3808.60009765625
483.37884837885866,3756.800048828125
483.38726365625149,3678.199951171875
483.39567884453925,3576.60009765625
483.40409394371335,3527.800048828125
483.41250895376527,3503
483.42092387468654,3428.199951171875
483.42933870646857,3453.199951171875
483.43775344910279,3400.800048828125
483.44616810258083,3357.60009765625
483.454582666894,3324.800048828125
483.46299714203383,3307.60009765625
483.47141152799173,3277.199951171875
483.4798258247593,3327.39990234375
483.48824003232795,3395.800048828125
483.4966541506891,3398.800048828125
483.50506817983432,3416.800048828125
483.51348211975494,3419
483.52189597044253,3397.199951171875
483.53030973188862,3375.199951171875
483.53872340408464,3329.800048828125
483.54713698702193,3336.60009765625
483.55555048069215,3340.800048828125
483.56396388508665,3278.199951171875
483.57237720019708,3219.39990234375
483.58079042601463,3180.60009765625
483.58920356253105,3135
483.5976166097376,3127.39990234375
483.60602956762585,3155.60009765625
483.61444243618735,3148.800048828125
483.62285521541344,3125.39990234375
483.63126790529572,3104.199951171875
483.63968050582554,3096
483.64809301699444,3135
483.65650543879394,3167
483.66491777121536,3162.39990234375
483.67333001425038,3108.39990234375
483.68174216789043,3102.199951171875
483.69015423212682,3081.800048828125
483.69856620695123,3026.800048828125
483.70697809235503,3013.39990234375
483.71538988832975,2993.199951171875
483.72380159486687,3031
483.73221321195774,3034
483.740624739594,3025.39990234375
483.7490361777671,3031.60009765625
483.75744752646841,3067.800048828125
483.7658587856896,3022.60009765625
483.77426995542197,2983
483.78268103565705,2985.800048828125
483.79109202638642,2913.199951171875
483.79950292760134,2875.800048828125
483.80791373929355,2791
483.81632446145431,2747.60009765625
483.82473509407527,2744.199951171875
483.83314563714782,2801.60009765625
483.84155609066346,2783.39990234375
483.84996645461371,2862.800048828125
483.85837672899,2870
483.86678691378376,2865
483.87519700898662,2879.800048828125
483.88360701458993,2861.39990234375
483.89201693058527,2863.39990234375
483.90042675696407,2867
483.90883649371784,2866
483.917246140838,2829
483.92565569831612,2765.60009765625
483.93406516614363,2697.60009765625
483.94247454431206,2636.800048828125
483.95088383281291,2571.800048828125
483.95929303163746,2603.39990234375
483.96770214077742,2615.199951171875
483.97611116022426,2590.800048828125
483.98452008996935,2549
483.99292893000433,2602.39990234375
484.00133768032055,2565.60009765625
484.00974634090949,2623.39990234375
484.01815491176279,2605.39990234375
484.02656339287171,2679.39990234375
484.034971784228,2701.800048828125
484.04338008582283,2715.800048828125
484.05178829764805,2702.199951171875
484.06019641969488,2660.800048828125
484.06860445195491,2605.800048828125
484.07701239441957,2611.60009765625
484.08542024708049,2600
484.09382800992893,2561.800048828125
484.10223568295663,2487
484.11064326615491,2475
484.11905075951523,2442.800048828125
484.12745816302925,2461.800048828125
484.13586547668831,2502
484.1442727004839,2524.199951171875
484.15267983440771,2543.199951171875
484.16108687845104,2527.60009765625
484.16949383260538,2485.800048828125
484.17790069686225,2461.39990234375
484.18630747121318,2399.39990234375
484.19471415564971,2390.199951171875
484.20312075016318,2402
484.21152725474519,2383.199951171875
484.21993366938716,2385.60009765625
484.22833999408067,2396.39990234375
484.2367462288172,2388
484.2451523735881,2417.199951171875
484.25355842838508,2458.199951171875
484.26196439319949,2489.800048828125
484.27037026802287,2481.39990234375
484.27877605284675,2452.60009765625
484.28718174766249,2405.800048828125
484.29558735246172,2340.199951171875
484.30399286723588,2316.39990234375
484.31239829197648,2276.39990234375
484.32080362667506,2291.60009765625
484.32920887132303,2285.199951171875
484.33761402591188,2259.800048828125
484.34601909043317,2256.199951171875
484.35442406487846,2246.60009765625
484.36282894923903,2254.800048828125
484.37123374350648,2217.60009765625
484.37963844767245,2256
484.3880430617283,2265.199951171875
484.3964475856655,2313
484.40485201947558,2242
484.41325636315008,2281.800048828125
484.42166061668047,2275.800048828125
484.43006478005822,2225
484.43846885327491,2278.800048828125
484.44687283632192,2269.39990234375
484.45527672919081,2248
484.46368053187308,2191.39990234375
484.4720842443603,2147.199951171875
484.48048786664384,2125.60009765625
484.48889139871523,2101.39990234375
484.49729484056604,2091
484.50569819218771,2124.60009765625
484.51410145357181,2093
484.52250462470971,2048.39990234375
484.53090770559305,2014.800048828125
484.53931069621325,1993.5999755859375
484.54771359656189,2032.800048828125
484.55611640663039,2134.60009765625
484.56451912641023,2129.800048828125
484.572921755893,2198.800048828125
484.58132429507015,2141.39990234375
484.58972674393317,2121
484.59812910247359,2093
484.60653137068294,2084.800048828125
484.6149335485527,2055.199951171875
484.62333563607439,2067.199951171875
484.63173763323942,2103.39990234375
484.6401395400394,2111.60009765625
484.64854135646573,2111.60009765625
484.65694308251005,2097.199951171875
484.66534471816379,2014.5999755859375
484.67374626341854,2037.4000244140625
484.68214771826564,2010.5999755859375
484.69054908269669,2012.4000244140625
484.69895035670322,2016.5999755859375
484.70735154027665,1975.5999755859375
484.71575263340856,1923.5999755859375
484.72415363609053,1935.800048828125
484.73255454831389,1960.800048828125
484.74095537007025,1983.5999755859375
484.74935610135105,2014.800048828125
484.75775674214793,2021.4000244140625
484.76615729245225,2023
484.77455775225565,2011.800048828125
484.78295812154954,1988
484.79135840032541,1972.800048828125
484.79975858857489,2000.199951171875
484.80815868628935,2001.4000244140625
484.81655869346037,1993.800048828125
484.82495861007953,1979.800048828125
484.83335843613816,1928.5999755859375
484.841758171628,1884.199951171875
484.85015781654039,1890.5999755859375
484.85855737086678,1836.199951171875
484.86695683459891,1801.800048828125
484.87535620772809,1808.4000244140625
484.88375549024596,1839.199951171875
484.89215468214394,1823.5999755859375
484.90055378341367,1848
484.90895279404646,1815.5999755859375
484.91735171403394,1862.800048828125
484.92575054336766,1897.199951171875
484.93414928203907,1951.5999755859375
484.94254793003967,1961.800048828125
484.950946487361,1908.800048828125
484.95934495399467,1889
484.96774332993209,1851.800048828125
484.97614161516469,1817.199951171875
484.98453980968412,1745.4000244140625
